k_vals,PSNR,SSIM
32,30.472240003714877,0.9410726392113176
64,32.669213774589466,0.9629125330273699
128,34.65290440948513,0.9751648069903515
