k_vals,PSNR,SSIM
32,35.40211356868477,0.9766814569364787
64,36.46057295745035,0.9827032790076357
128,37.1089778502148,0.9849527874400017
