k_vals,PSNR,SSIM
32,35.63340260090594,0.9782977851030059
64,36.627622305915,0.9833035989133685
128,37.24194450887457,0.9857546283623715
